<?xml version="1.0" encoding="UTF-8"?>
<project-private xmlns="http://www.netbeans.org/ns/project-private/1">
    <editor-bookmarks xmlns="http://www.netbeans.org/ns/editor-bookmarks/2" lastBookmarkId="0"/>
    <open-files xmlns="http://www.netbeans.org/ns/projectui-open-files/2">
        <group>
            <file>file:/C:/Users/Dennis/Documents/GitHub/Project/MDFexample/src/java/Servlets/mdfServlets.java</file>
            <file>file:/C:/Users/Dennis/Documents/GitHub/Project/MDFexample/src/java/logic/Queries.java</file>
            <file>file:/C:/Users/Dennis/Documents/GitHub/Project/MDFexample/src/java/logic/DB.java</file>
            <file>file:/C:/Users/Dennis/Documents/GitHub/Project/MDFexample/web/mdf.jsp</file>
        </group>
    </open-files>
</project-private>
